Page Type,Continent,Country,State,URL Slug,Page Title (H1),Priority,Notes
State,North America,United States,Alabama,/ship-car-to-alabama,Ship Car to Alabama,Low,
State,North America,United States,Alaska,/ship-car-to-alaska,Ship Car to Alaska,Low,Remote logistics
State,North America,United States,Arizona,/ship-car-to-arizona,Ship Car to Arizona,High,Scottsdale supercar hub
State,North America,United States,Arkansas,/ship-car-to-arkansas,Ship Car to Arkansas,Low,
State,North America,United States,California,/ship-car-to-california,Ship Car to California,High,Largest US supercar market
State,North America,United States,Colorado,/ship-car-to-colorado,Ship Car to Colorado,Medium,"Denver, Aspen wealth"
State,North America,United States,Connecticut,/ship-car-to-connecticut,Ship Car to Connecticut,High,"Greenwich, hedge fund wealth"
State,North America,United States,Delaware,/ship-car-to-delaware,Ship Car to Delaware,Low,Tax-free vehicle registration
State,North America,United States,Florida,/ship-car-to-florida,Ship Car to Florida,High,"Miami, Palm Beach, Naples - top market"
State,North America,United States,Georgia,/ship-car-to-georgia,Ship Car to Georgia,Medium,Atlanta hub
State,North America,United States,Hawaii,/ship-car-to-hawaii,Ship Car to Hawaii,Medium,"Island luxury, ocean shipping"
State,North America,United States,Idaho,/ship-car-to-idaho,Ship Car to Idaho,Low,Sun Valley wealth
State,North America,United States,Illinois,/ship-car-to-illinois,Ship Car to Illinois,High,Chicago market
State,North America,United States,Indiana,/ship-car-to-indiana,Ship Car to Indiana,Low,Indianapolis Motor Speedway
State,North America,United States,Iowa,/ship-car-to-iowa,Ship Car to Iowa,Low,
State,North America,United States,Kansas,/ship-car-to-kansas,Ship Car to Kansas,Low,
State,North America,United States,Kentucky,/ship-car-to-kentucky,Ship Car to Kentucky,Low,
State,North America,United States,Louisiana,/ship-car-to-louisiana,Ship Car to Louisiana,Low,
State,North America,United States,Maine,/ship-car-to-maine,Ship Car to Maine,Low,
State,North America,United States,Maryland,/ship-car-to-maryland,Ship Car to Maryland,Medium,DC suburbs wealth
State,North America,United States,Massachusetts,/ship-car-to-massachusetts,Ship Car to Massachusetts,High,"Boston, Cape Cod wealth"
State,North America,United States,Michigan,/ship-car-to-michigan,Ship Car to Michigan,Medium,Detroit auto industry
State,North America,United States,Minnesota,/ship-car-to-minnesota,Ship Car to Minnesota,Low,
State,North America,United States,Mississippi,/ship-car-to-mississippi,Ship Car to Mississippi,Low,
State,North America,United States,Missouri,/ship-car-to-missouri,Ship Car to Missouri,Low,
State,North America,United States,Montana,/ship-car-to-montana,Ship Car to Montana,Low,Big Sky luxury ranches
State,North America,United States,Nebraska,/ship-car-to-nebraska,Ship Car to Nebraska,Low,
State,North America,United States,Nevada,/ship-car-to-nevada,Ship Car to Nevada,High,Las Vegas supercar capital
State,North America,United States,New Hampshire,/ship-car-to-new-hampshire,Ship Car to New Hampshire,Low,No sales tax
State,North America,United States,New Jersey,/ship-car-to-new-jersey,Ship Car to New Jersey,High,"NYC suburbs, high wealth"
State,North America,United States,New Mexico,/ship-car-to-new-mexico,Ship Car to New Mexico,Low,Santa Fe wealth pocket
State,North America,United States,New York,/ship-car-to-new-york-state,Ship Car to New York,High,"NYC, Hamptons - top-tier market"
State,North America,United States,North Carolina,/ship-car-to-north-carolina,Ship Car to North Carolina,Medium,Charlotte banking hub
State,North America,United States,North Dakota,/ship-car-to-north-dakota,Ship Car to North Dakota,Low,
State,North America,United States,Ohio,/ship-car-to-ohio,Ship Car to Ohio,Low,
State,North America,United States,Oklahoma,/ship-car-to-oklahoma,Ship Car to Oklahoma,Low,
State,North America,United States,Oregon,/ship-car-to-oregon,Ship Car to Oregon,Low,No sales tax
State,North America,United States,Pennsylvania,/ship-car-to-pennsylvania,Ship Car to Pennsylvania,Medium,"Philadelphia, Pittsburgh"
State,North America,United States,Rhode Island,/ship-car-to-rhode-island,Ship Car to Rhode Island,Low,Newport mansions
State,North America,United States,South Carolina,/ship-car-to-south-carolina,Ship Car to South Carolina,Low,Charleston wealth
State,North America,United States,South Dakota,/ship-car-to-south-dakota,Ship Car to South Dakota,Low,
State,North America,United States,Tennessee,/ship-car-to-tennessee,Ship Car to Tennessee,Medium,Nashville growth market
State,North America,United States,Texas,/ship-car-to-texas,Ship Car to Texas,High,"Houston, Dallas, Austin - massive market"
State,North America,United States,Utah,/ship-car-to-utah,Ship Car to Utah,Low,Park City wealth
State,North America,United States,Vermont,/ship-car-to-vermont,Ship Car to Vermont,Low,
State,North America,United States,Virginia,/ship-car-to-virginia,Ship Car to Virginia,Medium,"DC suburbs, McLean wealth"
State,North America,United States,Washington,/ship-car-to-washington-state,Ship Car to Washington,Medium,Seattle tech wealth
State,North America,United States,West Virginia,/ship-car-to-west-virginia,Ship Car to West Virginia,Low,
State,North America,United States,Wisconsin,/ship-car-to-wisconsin,Ship Car to Wisconsin,Low,
State,North America,United States,Wyoming,/ship-car-to-wyoming,Ship Car to Wyoming,Low,Jackson Hole wealth enclave
State,North America,United States,Washington DC,/ship-car-to-washington-dc-district,Ship Car to Washington DC,High,"Political elite, lobbyist wealth"
